<?xml version="1.0" encoding="UTF-8"?>
<beans xmlns="http://www.springframework.org/schema/beans"
	xmlns:xsi="http://www.w3.org/2001/XMLSchema-instance" xmlns:p="http://www.springframework.org/schema/p" xmlns:context="http://www.springframework.org/schema/context"
	xsi:schemaLocation="
        http://www.springframework.org/schema/beans    
        http://www.springframework.org/schema/beans/spring-beans.xsd
        http://www.springframework.org/schema/mvc
        http://www.springframework.org/schema/mvc/spring-mvc.xsd
        http://www.springframework.org/schema/context
        http://www.springframework.org/schema/context/spring-context.xsd"> 
		 
	<context:component-scan base-package="com.retail" />

	<bean id="dataSource" class="org.apache.commons.dbcp.BasicDataSource">
		<property name="driverClassName" value="oracle.jdbc.driver.OracleDriver"></property>
		<property name="url" value="jdbc:oracle:thin:@localhost:1521:xe"></property>
		<property name="username" value="system"></property>
		<property name="password" value="oracle"></property>
	</bean>

	<bean id="mysessionFactory"
		class="org.springframework.orm.hibernate3.LocalSessionFactoryBean">
		<property name="dataSource" ref="dataSource"></property>

		<property name="mappingResources">
			<list>
				<value>store.hbm.xml</value>
			</list>
		</property>

		<property name="hibernateProperties">
			<props>
				<prop key="hibernate.dialect">org.hibernate.dialect.Oracle9Dialect</prop>
				<prop key="hibernate.hbm2ddl.auto">update</prop>
				<prop key="hibernate.show_sql">true</prop>

			</props>
		</property>
	</bean>

	<bean id="template" class="org.springframework.orm.hibernate3.HibernateTemplate">
		<property name="sessionFactory" ref="mysessionFactory"></property>
	</bean>

	<bean id="d" class="com.retail.OrderDao">
		<property name="template" ref="template"></property>
	</bean>
	<bean id="billService" class="com.retail.service.impl.BillServiceImpl">
		
	</bean>

</beans>  